,Date,Instagram_Minutes,YouTube_Minutes,WhatsApp_Minutes,LinkedIn_Minutes,Reels_Watched,Videos_Watched,Messages_Sent,Posts_Liked,Study_Minutes,Total_Screen_Time,Screen_Hours,Digital_Balance,Day_Type
0,2026-08-22,77,286,80,8,62,109,166,31,138,451,7.52,0.31,Heavy
1,2026-08-23,72,120,96,23,70,53,154,43,80,311,5.18,0.26,Heavy
2,2026-08-24,51,147,141,60,49,27,263,24,253,399,6.65,0.63,Heavy
3,2026-08-25,142,196,32,2,87,81,69,47,214,372,6.2,0.58,Heavy
4,2026-08-26,134,154,153,14,131,31,427,78,323,455,7.58,0.71,Heavy
5,2026-08-27,20,137,171,12,21,21,588,6,148,340,5.67,0.44,Heavy
6,2026-08-28,20,37,19,18,23,14,62,11,116,94,1.57,1.23,Normal
7,2026-08-29,176,297,86,20,125,123,278,74,151,579,9.65,0.26,Heavy
8,2026-08-30,198,236,91,22,183,70,222,83,101,547,9.12,0.18,Heavy
9,2026-08-31,44,42,152,19,41,16,454,18,203,257,4.28,0.79,Normal
10,2026-09-01,115,170,91,21,108,30,288,62,352,397,6.62,0.89,Heavy
11,2026-09-02,110,190,43,10,91,33,66,36,300,353,5.88,0.85,Heavy
12,2026-09-03,36,86,177,1,48,18,435,22,338,300,5.0,1.13,Normal
13,2026-09-04,71,183,109,74,73,39,320,16,53,437,7.28,0.12,Heavy
14,2026-09-05,143,220,168,19,184,52,380,57,26,550,9.17,0.05,Heavy
15,2026-09-06,144,231,134,3,133,78,302,78,147,512,8.53,0.29,Heavy
16,2026-09-07,96,197,77,40,115,49,206,67,136,410,6.83,0.33,Heavy
17,2026-09-08,44,107,168,69,36,26,450,15,72,388,6.47,0.19,Heavy
18,2026-09-09,34,50,118,7,20,10,389,10,85,209,3.48,0.41,Normal
19,2026-09-10,49,157,14,19,45,40,43,28,312,239,3.98,1.31,Normal
20,2026-09-11,62,49,53,23,55,20,93,33,302,187,3.12,1.61,Normal
21,2026-09-12,76,221,145,9,51,91,250,31,21,451,7.52,0.05,Heavy
22,2026-09-13,133,144,153,10,114,46,264,55,55,440,7.33,0.12,Heavy
23,2026-09-14,85,58,163,31,115,25,355,61,160,337,5.62,0.47,Heavy
24,2026-09-15,24,42,170,17,18,10,378,5,309,253,4.22,1.22,Normal
25,2026-09-16,178,27,180,30,115,4,509,26,189,415,6.92,0.46,Heavy
26,2026-09-17,68,192,49,51,74,42,105,27,257,360,6.0,0.71,Heavy
27,2026-09-18,20,139,167,29,25,27,459,13,136,355,5.92,0.38,Heavy
28,2026-09-19,165,165,129,15,154,61,349,95,55,474,7.9,0.12,Heavy
29,2026-09-20,139,230,48,10,98,57,148,20,175,427,7.12,0.41,Heavy
